Df,Sum Sq,Mean Sq,F value,Pr(>F)
24,13.009321473334483,0.5420550613889368,5.0393054775677495,2.8480950212231155e-11
23,5.114370139832219,0.22236391912313994,2.0672433401496164,0.004060522462190142
208,22.37360947273176,0.10756543015736424,NA,NA
