Df,Sum Sq,Mean Sq,F value,Pr(>F)
24,89.17809429472041,3.715753928946684,44.714877726945545,7.992611747831725e-69
23,6.300912251835491,0.2739527066015431,3.2967096349478298,2.6476678640593253e-6
208,17.284556203877717,0.08309882790325826,NA,NA
