Country,Var,value,sd
Argentina,Full data,0.8991596638655462,0.016411109449078806
Argentina,"Competitive votes
(40-60 disagreement)",0.44977272727272727,0.019828273846276778
Brazil,Full data,0.9920357142857142,0.0036813967147854877
Brazil,"Competitive votes
(40-60 disagreement)",0.8883333333333333,0.01220558030067356
